{
    "nodes": {
        "1": {"id": "1", "min": 0, "max": 0.5},
        "2": {"id": "2", "min": 0, "max": 0.5},
        "3": {"id": "3", "min": 0, "max": 0.5},
        "4": {"id": "4", "min": 0, "max": 0.5},
        "5": {"id": "5", "min": 0, "max": 0.5},
        "6": {"id": "6", "min": 0, "max": 0.5},
        "7": {"id": "7", "min": 0, "max": 0.5}
    },
    "edges": [
        ["1", "2"],
        ["2", "3"],
        ["3", "4"],
        ["4", "5"],
        ["5", "6"],
        ["6", "7"]
    ]
}
