{
    "nodes": {
        "Addition1": {"id": "Addition1m5", "min": 0, "max": 1},
        "Addition2": {"id": "Addition2m5", "min": 0, "max": 1},
        "Addition3": {"id": "Addition3m5", "min": 0, "max": 1},
        "Addition4": {"id": "Addition4m5", "min": 0, "max": 1},
        "Addition5": {"id": "Addition5m5", "min": 0, "max": 1}
    },
    "edges": [
        ["Addition1", "Addition2"],
        ["Addition2", "Addition3"],
        ["Addition3", "Addition4"],
        ["Addition4", "Addition5"]
    ]
}
